{"cameraMode":{"drawMode":0,"name":"Shaded","section":"Shading Mode"},"sceneLighting":true,"audioPlay":false,"sceneViewState":{"m_AlwaysRefresh":false,"showFog":true,"showSkybox":true,"showFlares":true,"showImageEffects":true,"showParticleSystems":true,"showVisualEffectGraphs":true,"m_FxEnabled":true},"in2DMode":false,"pivot":{"x":-13.417062759399414,"y":-0.8530558943748474,"z":-6.362334728240967},"rotation":{"x":0.13087111711502076,"y":-0.005948226898908615,"z":0.0007851531845517457,"w":0.9913800358772278},"size":5.693424701690674,"orthographic":false}