{"cameraMode":{"drawMode":0,"name":"Shaded","section":"Shading Mode"},"sceneLighting":true,"audioPlay":false,"sceneViewState":{"m_AlwaysRefresh":false,"showFog":true,"showSkybox":true,"showFlares":true,"showImageEffects":true,"showParticleSystems":true,"showVisualEffectGraphs":true,"m_FxEnabled":true},"in2DMode":false,"pivot":{"x":-4.023075103759766,"y":1.8706368207931519,"z":9.895936012268067},"rotation":{"x":0.018675299361348153,"y":-0.08851666748523712,"z":0.001659882953390479,"w":0.9958988428115845},"size":15.159231185913086,"orthographic":true}